{"count":1,"self":160.55596799999998,"total":247.1035346,"children":{"InitializeActuators":{"count":2,"self":0.0015616999999999999,"total":0.0015616999999999999,"children":null},"InitializeSensors":{"count":2,"self":0.0030047999999999997,"total":0.0030047999999999997,"children":null},"AgentSendState":{"count":13634,"self":0.6748079,"total":0.7658446,"children":{"CollectObservations":{"count":5454,"self":0.009988,"total":0.009988,"children":null},"WriteActionMask":{"count":5454,"self":0.00052319999999999992,"total":0.00052319999999999992,"children":null},"RequestDecision":{"count":5454,"self":0.0209233,"total":0.0805255,"children":{"AgentInfo.ToProto":{"count":5454,"self":0.013280499999999999,"total":0.059602199999999994,"children":{"GenerateSensorData":{"count":5454,"self":0.042186999999999995,"total":0.0463217,"children":{"RayPerceptionSensor.Perceive":{"count":5454,"self":0.0041347,"total":0.0041347,"children":null}}}}}}}}},"DecideAction":{"count":13634,"self":85.6820736,"total":85.682076299999991,"children":null},"AgentAct":{"count":13634,"self":0.0945546,"total":0.0945546,"children":null}},"gauges":{},"metadata":{"timer_format_version":"0.1.0","start_time_seconds":"1716047573","unity_version":"2022.3.27f1","command_line_arguments":"C:\\Program Files\\Unity\\Hub\\Editor\\2022.3.27f1\\Editor\\Unity.exe -projectpath C:\\Users\\joshu\\Documents\\AP\\AP2dejaar\\Sem2\\VR\\VR_Project -useHub -hubIPC -cloudEnvironment production -licensingIpc LicenseClient-joshu -hubSessionId cef3b779-2c58-48a2-9702-cc241d78764c -accessToken RBLUsD6JiicCsLzTPcZMdcTwZpRIFLq6OULhcODdprk008f","communication_protocol_version":"1.5.0","com.unity.ml-agents_version":"2.0.1","scene_name":"LunarLandscape3D","end_time_seconds":"1716047820"}}